source,target,type
5141073637181801,6195088696542157,undirected
3370272052850194,6331316797695305,undirected
5151065642581544,8667477201125880,undirected
0806893389732831,2402860645108428,undirected
8861821320530256,3313736441527210,undirected
1414046440611495,7645805665092232,undirected
7719479896871993,7677905285956620,undirected
3032618801971599,9242287015171384,undirected
1414046440611495,7645805665092232,undirected
4913726405596681,4080439371637715,undirected
8401962186278677,9778490919604593,undirected
8401962186278677,9778490919604593,undirected
3021268770189132,6434939710218427,undirected
5523350812734008,6603480808884218,undirected
4791953150250289,6195088696542157,undirected
4080439371637715,6333149519672791,undirected
1159840059123495,7966792380099410,undirected
7540304062046337,7578128153022337,undirected
1404210682496858,0900326413960801,undirected
4080439371637715,0658814862350187,undirected
8520191196227908,9196373186050152,undirected
2268597352863613,5506513991215666,undirected
2268597352863613,5506513991215666,undirected
2268597352863613,5506513991215666,undirected
4080439371637715,5506513991215666,undirected
4080439371637715,5506513991215666,undirected
4080439371637715,5506513991215666,undirected
4080439371637715,5506513991215666,undirected
4080439371637715,5506513991215666,undirected
4080439371637715,5506513991215666,undirected
4080439371637715,5506513991215666,undirected
8401962186278677,5366644715743524,undirected
8401962186278677,9778490919604593,undirected
5366644715743524,9778490919604593,undirected
4997752549394373,3134056986747443,undirected
8401962186278677,5366644715743524,undirected
8401962186278677,9778490919604593,undirected
5366644715743524,9778490919604593,undirected
8401962186278677,9778490919604593,undirected
6333149519672791,4080439371637715,undirected
0806893389732831,2402860645108428,undirected
0806893389732831,2402860645108428,undirected
2402860645108428,0806893389732831,undirected
0806893389732831,2402860645108428,undirected
8401962186278677,5366644715743524,undirected
8401962186278677,9778490919604593,undirected
5366644715743524,9778490919604593,undirected
3021268770189132,6434939710218427,undirected
1172479976966505,5506513991215666,undirected
9947142424896892,4079974860272595,undirected
4079974860272595,9947142424896892,undirected
7764017175870802,6926348689036257,undirected
4971893171417909,8439623112559941,undirected
6603480808884218,9356403913755132,undirected
6603480808884218,9356403913755132,undirected
8390682026043566,6195088696542157,undirected
8390682026043566,8980645523068866,undirected
0453510420437051,0676567404804858,undirected
0594538019851381,4738971255888795,undirected
5362513180111586,8390682026043566,undirected
5886777694278516,7417042733205654,undirected
4530013380984604,2268597352863613,undirected
4530013380984604,9409674734309199,undirected
4530013380984604,5506513991215666,undirected
2268597352863613,9409674734309199,undirected
2268597352863613,5506513991215666,undirected
9409674734309199,5506513991215666,undirected
6032064267919889,1536690328780417,undirected
5523350812734008,6603480808884218,undirected
5523350812734008,6603480808884218,undirected
6603480808884218,5523350812734008,undirected
5523350812734008,6603480808884218,undirected
8401962186278677,9778490919604593,undirected
2720114652322968,1011153318528001,undirected
2720114652322968,6244917011126916,undirected
1011153318528001,6244917011126916,undirected
5362513180111586,6517095824289547,undirected
5523350812734008,6603480808884218,undirected
8861821320530256,3313736441527210,undirected
8401962186278677,5366644715743524,undirected
8401962186278677,9778490919604593,undirected
5366644715743524,9778490919604593,undirected
3032618801971599,9242287015171384,undirected
8861821320530256,3313736441527210,undirected
3412284265072015,1075600690855372,undirected
4685137767864002,4997752549394373,undirected
9920574928553347,5948297956451420,undirected
2233167798012421,4080439371637715,undirected
2233167798012421,9669406790624196,undirected
4080439371637715,9669406790624196,undirected
4791953150250289,3625090170533723,undirected
4791953150250289,4738971255888795,undirected
3625090170533723,4738971255888795,undirected
8477467816197173,2720114652322968,undirected
3198576899533844,4467472261481697,undirected
0806893389732831,5886777694278516,undirected
4685137767864002,4997752549394373,undirected
5151065642581544,8667477201125880,undirected
1414046440611495,7645805665092232,undirected
7417042733205654,3240666714372269,undirected
3021268770189132,6434939710218427,undirected
3021268770189132,6434939710218427,undirected
3021268770189132,6434939710218427,undirected
3021268770189132,6434939710218427,undirected
3021268770189132,6434939710218427,undirected
3021268770189132,6434939710218427,undirected
6434939710218427,3021268770189132,undirected
6434939710218427,3021268770189132,undirected
3021268770189132,6434939710218427,undirected
3021268770189132,6434939710218427,undirected
3021268770189132,6434939710218427,undirected
3021268770189132,6434939710218427,undirected
3021268770189132,6434939710218427,undirected
6434939710218427,3021268770189132,undirected
6434939710218427,3021268770189132,undirected
6434939710218427,3021268770189132,undirected
6434939710218427,3021268770189132,undirected
3021268770189132,6434939710218427,undirected
5151065642581544,8667477201125880,undirected
5151065642581544,8667477201125880,undirected
8861821320530256,3313736441527210,undirected
8312095566023820,4738971255888795,undirected
1800142109998891,9091082575480314,undirected
8543256756101072,2072400238950589,undirected
8543256756101072,2072400238950589,undirected
0453510420437051,0676567404804858,undirected
0453510420437051,2895289064880221,undirected
0676567404804858,2895289064880221,undirected
1420694583758129,1096372300226539,undirected
1420694583758129,2895289064880221,undirected
1096372300226539,2895289064880221,undirected
3032618801971599,9242287015171384,undirected
3021268770189132,6434939710218427,undirected
0806893389732831,2402860645108428,undirected
0806893389732831,6434939710218427,undirected
0806893389732831,6434939710218427,undirected
5523350812734008,6603480808884218,undirected
7266773374683430,6828491371567757,undirected
8520191196227908,9196373186050152,undirected
8401962186278677,5366644715743524,undirected
8401962186278677,9778490919604593,undirected
5366644715743524,9778490919604593,undirected
4913726405596681,4080439371637715,undirected
4997752549394373,7540304062046337,undirected
3021268770189132,6434939710218427,undirected
3021268770189132,6434939710218427,undirected
3021268770189132,6434939710218427,undirected
6434939710218427,3021268770189132,undirected
6434939710218427,3021268770189132,undirected
3021268770189132,6434939710218427,undirected
3021268770189132,6434939710218427,undirected
6434939710218427,3021268770189132,undirected
3021268770189132,6434939710218427,undirected
8980645523068866,0886300382020774,undirected
5523350812734008,6603480808884218,undirected
3021268770189132,6434939710218427,undirected
0806893389732831,2402860645108428,undirected
0806893389732831,2402860645108428,undirected
6473075683971385,6333149519672791,undirected
8439623112559941,4971893171417909,undirected
9769937833285092,8933361259561564,undirected
9769937833285092,4997752549394373,undirected
9769937833285092,3021268770189132,undirected
9769937833285092,3021268770189132,undirected
9769937833285092,5506513991215666,undirected
9769937833285092,9631665928287598,undirected
9769937833285092,3021268770189132,undirected
9769937833285092,3021268770189132,undirected
9769937833285092,9631665928287598,undirected
9769937833285092,3021268770189132,undirected
9769937833285092,3021268770189132,undirected
9769937833285092,3021268770189132,undirected
8933361259561564,4997752549394373,undirected
8933361259561564,3021268770189132,undirected
8933361259561564,3021268770189132,undirected
8933361259561564,5506513991215666,undirected
8933361259561564,9631665928287598,undirected
8933361259561564,3021268770189132,undirected
8933361259561564,9769937833285092,undirected
8933361259561564,3021268770189132,undirected
8933361259561564,9631665928287598,undirected
8933361259561564,3021268770189132,undirected
8933361259561564,3021268770189132,undirected
8933361259561564,3021268770189132,undirected
4997752549394373,3021268770189132,undirected
4997752549394373,3021268770189132,undirected
4997752549394373,5506513991215666,undirected
4997752549394373,9631665928287598,undirected
4997752549394373,3021268770189132,undirected
4997752549394373,9769937833285092,undirected
4997752549394373,3021268770189132,undirected
4997752549394373,9631665928287598,undirected
4997752549394373,3021268770189132,undirected
4997752549394373,3021268770189132,undirected
4997752549394373,3021268770189132,undirected
3021268770189132,5506513991215666,undirected
3021268770189132,9631665928287598,undirected
3021268770189132,9769937833285092,undirected
3021268770189132,9631665928287598,undirected
3021268770189132,5506513991215666,undirected
3021268770189132,9631665928287598,undirected
3021268770189132,9769937833285092,undirected
3021268770189132,9631665928287598,undirected
5506513991215666,9631665928287598,undirected
5506513991215666,3021268770189132,undirected
5506513991215666,9769937833285092,undirected
5506513991215666,3021268770189132,undirected
5506513991215666,9631665928287598,undirected
5506513991215666,3021268770189132,undirected
5506513991215666,3021268770189132,undirected
5506513991215666,3021268770189132,undirected
9631665928287598,3021268770189132,undirected
9631665928287598,9769937833285092,undirected
9631665928287598,3021268770189132,undirected
9631665928287598,3021268770189132,undirected
9631665928287598,3021268770189132,undirected
9631665928287598,3021268770189132,undirected
3021268770189132,9769937833285092,undirected
3021268770189132,9631665928287598,undirected
9769937833285092,3021268770189132,undirected
9769937833285092,9631665928287598,undirected
9769937833285092,3021268770189132,undirected
9769937833285092,3021268770189132,undirected
9769937833285092,3021268770189132,undirected
3021268770189132,9631665928287598,undirected
9631665928287598,3021268770189132,undirected
9631665928287598,3021268770189132,undirected
9631665928287598,3021268770189132,undirected
3021268770189132,6434939710218427,undirected
6603480808884218,4706714729966794,undirected
7764017175870802,6926348689036257,undirected
3021268770189132,6434939710218427,undirected
5151065642581544,8667477201125880,undirected
8401962186278677,9778490919604593,undirected
6681261695350295,6531716068680999,undirected
5151065642581544,8667477201125880,undirected
3021268770189132,6434939710218427,undirected
6681261695350295,6531716068680999,undirected
8401962186278677,5366644715743524,undirected
8401962186278677,9778490919604593,undirected
5366644715743524,9778490919604593,undirected
3021268770189132,6434939710218427,undirected
3021268770189132,6434939710218427,undirected
3021268770189132,6434939710218427,undirected
6434939710218427,3021268770189132,undirected
3021268770189132,6434939710218427,undirected
3021268770189132,6434939710218427,undirected
6434939710218427,3021268770189132,undirected
3021268770189132,6434939710218427,undirected
3305280280214196,3625090170533723,undirected
0900326413960801,4023126199685947,undirected
1172479976966505,6384572541937974,undirected
2478648347203985,3966022971644876,undirected
2478648347203985,3143917585292506,undirected
3966022971644876,3143917585292506,undirected
5362513180111586,1302054970981342,undirected
5151065642581544,8667477201125880,undirected
3412284265072015,1075600690855372,undirected
6603480808884218,9356403913755132,undirected
8401962186278677,5366644715743524,undirected
8401962186278677,9778490919604593,undirected
5366644715743524,9778490919604593,undirected
3021268770189132,6434939710218427,undirected
9920574928553347,5948297956451420,undirected
5621310244457556,1172479976966505,undirected
1172479976966505,5621310244457556,undirected
5362513180111586,8390682026043566,undirected
5366644715743524,9778490919604593,undirected
3021268770189132,6434939710218427,undirected
1128333620617474,0144593147618564,undirected
1128333620617474,2065001055059037,undirected
1128333620617474,6218275996610727,undirected
0144593147618564,2065001055059037,undirected
0144593147618564,6218275996610727,undirected
2065001055059037,6218275996610727,undirected
8401962186278677,5366644715743524,undirected
8401962186278677,9778490919604593,undirected
5366644715743524,9778490919604593,undirected
3021268770189132,6434939710218427,undirected
0806893389732831,0594538019851381,undirected
5195208423017168,2472444188734406,undirected
9947142424896892,4079974860272595,undirected
4791953150250289,6195088696542157,undirected
8401962186278677,5366644715743524,undirected
8401962186278677,9778490919604593,undirected
5366644715743524,9778490919604593,undirected
8401962186278677,9778490919604593,undirected
1414046440611495,7645805665092232,undirected
5151065642581544,8667477201125880,undirected
2072400238950589,1035903177130910,undirected
8401962186278677,9778490919604593,undirected
8520191196227908,9196373186050152,undirected
5195208423017168,2472444188734406,undirected
4888174109504610,5153390279941088,undirected
4080439371637715,6517095824289547,undirected
8861821320530256,3313736441527210,undirected
5319727900195451,1240510825570457,undirected
5366644715743524,9778490919604593,undirected
4791953150250289,6195088696542157,undirected
8401962186278677,5366644715743524,undirected
8401962186278677,9778490919604593,undirected
5366644715743524,9778490919604593,undirected
3021268770189132,6434939710218427,undirected
5151065642581544,8667477201125880,undirected
4080439371637715,6333149519672791,undirected
9424442556070110,5995072476063036,undirected
5506513991215666,2402860645108428,undirected
6603480808884218,7415839849752972,undirected
6603480808884218,6384572541937974,undirected
7415839849752972,6384572541937974,undirected
7415839849752972,6384572541937974,undirected
1414046440611495,7645805665092232,undirected
5471746328944280,6931615599694788,undirected
4080439371637715,6333149519672791,undirected
1172479976966505,6384572541937974,undirected
4791953150250289,6195088696542157,undirected
8861821320530256,3313736441527210,undirected
6603480808884218,9356403913755132,undirected
8439623112559941,4971893171417909,undirected
0886300382020774,3848720494067039,undirected
0886300382020774,3428878189943493,undirected
0886300382020774,2402860645108428,undirected
3848720494067039,3428878189943493,undirected
3848720494067039,2402860645108428,undirected
3428878189943493,2402860645108428,undirected
8933361259561564,4913726405596681,undirected
4913726405596681,8933361259561564,undirected
3847048096593932,0255573178613450,undirected
3847048096593932,0255573178613450,undirected
5151065642581544,8667477201125880,undirected
9947142424896892,4079974860272595,undirected
8861821320530256,3313736441527210,undirected
4997752549394373,2402860645108428,undirected
4997752549394373,0806893389732831,undirected
4997752549394373,0806893389732831,undirected
4997752549394373,0806893389732831,undirected
4997752549394373,0806893389732831,undirected
4997752549394373,0806893389732831,undirected
4997752549394373,0806893389732831,undirected
4997752549394373,0806893389732831,undirected
4997752549394373,0806893389732831,undirected
4997752549394373,2402860645108428,undirected
4997752549394373,0806893389732831,undirected
4997752549394373,0806893389732831,undirected
2402860645108428,0806893389732831,undirected
2402860645108428,0806893389732831,undirected
2402860645108428,0806893389732831,undirected
2402860645108428,4997752549394373,undirected
2402860645108428,0806893389732831,undirected
2402860645108428,0806893389732831,undirected
2402860645108428,0806893389732831,undirected
2402860645108428,0806893389732831,undirected
2402860645108428,0806893389732831,undirected
2402860645108428,0806893389732831,undirected
2402860645108428,0806893389732831,undirected
0806893389732831,4997752549394373,undirected
0806893389732831,2402860645108428,undirected
0806893389732831,4997752549394373,undirected
0806893389732831,2402860645108428,undirected
0806893389732831,4997752549394373,undirected
0806893389732831,2402860645108428,undirected
4997752549394373,0806893389732831,undirected
4997752549394373,0806893389732831,undirected
4997752549394373,0806893389732831,undirected
4997752549394373,0806893389732831,undirected
4997752549394373,0806893389732831,undirected
4997752549394373,2402860645108428,undirected
4997752549394373,0806893389732831,undirected
4997752549394373,0806893389732831,undirected
0806893389732831,2402860645108428,undirected
0806893389732831,2402860645108428,undirected
0806893389732831,2402860645108428,undirected
0806893389732831,2402860645108428,undirected
0806893389732831,2402860645108428,undirected
2402860645108428,0806893389732831,undirected
2402860645108428,0806893389732831,undirected
5689973879272525,9810076675955152,undirected
4913726405596681,4080439371637715,undirected
8401962186278677,9778490919604593,undirected
8401962186278677,5366644715743524,undirected
8401962186278677,9778490919604593,undirected
5366644715743524,9778490919604593,undirected
7415839849752972,6384572541937974,undirected
5523350812734008,6603480808884218,undirected
3428878189943493,3625090170533723,undirected
6032064267919889,1536690328780417,undirected
6032064267919889,1536690328780417,undirected
5362513180111586,6517095824289547,undirected
4913726405596681,4080439371637715,undirected
1800142109998891,9091082575480314,undirected
5621310244457556,6603480808884218,undirected
5366644715743524,9778490919604593,undirected
5151065642581544,8667477201125880,undirected
3021268770189132,2010889300740486,undirected
5151065642581544,8667477201125880,undirected
5151065642581544,8667477201125880,undirected
9091082575480314,1800142109998891,undirected
8520191196227908,9196373186050152,undirected
0484354272039533,0061941459476293,undirected
3370272052850194,6331316797695305,undirected
1414046440611495,7645805665092232,undirected
8401962186278677,9778490919604593,undirected
8401962186278677,5366644715743524,undirected
8401962186278677,9778490919604593,undirected
5366644715743524,9778490919604593,undirected
3021268770189132,6434939710218427,undirected
8861821320530256,3313736441527210,undirected
8861821320530256,8905538764637337,undirected
8861821320530256,8520191196227908,undirected
3313736441527210,8905538764637337,undirected
3313736441527210,8520191196227908,undirected
8905538764637337,8520191196227908,undirected
9631665928287598,6331316797695305,undirected
9631665928287598,5961075139772118,undirected
9631665928287598,9657361273543461,undirected
9631665928287598,6681261695350295,undirected
6331316797695305,5961075139772118,undirected
6331316797695305,9657361273543461,undirected
6331316797695305,6681261695350295,undirected
5961075139772118,9657361273543461,undirected
5961075139772118,6681261695350295,undirected
9657361273543461,6681261695350295,undirected
8861821320530256,3313736441527210,undirected
3021268770189132,6434939710218427,undirected
5366644715743524,8401962186278677,undirected
5366644715743524,9778490919604593,undirected
8401962186278677,9778490919604593,undirected
3021268770189132,6434939710218427,undirected
7786822531238422,9196373186050152,undirected
7786822531238422,8425388270697221,undirected
7786822531238422,8061249168413148,undirected
7786822531238422,0371519214729478,undirected
7786822531238422,8061249168413148,undirected
9196373186050152,8425388270697221,undirected
9196373186050152,8061249168413148,undirected
9196373186050152,0371519214729478,undirected
9196373186050152,8061249168413148,undirected
8425388270697221,8061249168413148,undirected
8425388270697221,0371519214729478,undirected
8425388270697221,8061249168413148,undirected
8061249168413148,0371519214729478,undirected
0371519214729478,8061249168413148,undirected
9657361273543461,1011153318528001,undirected
9657361273543461,4869131611874629,undirected
1011153318528001,4869131611874629,undirected
5506513991215666,4869131611874629,undirected
1414046440611495,7645805665092232,undirected
7764017175870802,6926348689036257,undirected
5366644715743524,9778490919604593,undirected
8401962186278677,9778490919604593,undirected
8390682026043566,5506513991215666,undirected
8390682026043566,3248067565648091,undirected
8390682026043566,5506513991215666,undirected
5506513991215666,3248067565648091,undirected
3248067565648091,5506513991215666,undirected
4791953150250289,6195088696542157,undirected
3021268770189132,6434939710218427,undirected
9947142424896892,4079974860272595,undirected
1800142109998891,9091082575480314,undirected
7415839849752972,6384572541937974,undirected
3021268770189132,6434939710218427,undirected
3021268770189132,6434939710218427,undirected
3021268770189132,6434939710218427,undirected
3021268770189132,6434939710218427,undirected
3021268770189132,6434939710218427,undirected
3021268770189132,6434939710218427,undirected
6434939710218427,3021268770189132,undirected
6434939710218427,3021268770189132,undirected
3021268770189132,6434939710218427,undirected
3021268770189132,6434939710218427,undirected
6434939710218427,3021268770189132,undirected
3021268770189132,6434939710218427,undirected
3021268770189132,6434939710218427,undirected
1172479976966505,6384572541937974,undirected
4460783445382011,6287212703285021,undirected
6032064267919889,1536690328780417,undirected
3021268770189132,6434939710218427,undirected
9312223663787049,0412571041528743,undirected
5366644715743524,9778490919604593,undirected
5523350812734008,6603480808884218,undirected
5523350812734008,6603480808884218,undirected
5523350812734008,6603480808884218,undirected
1128333620617474,2065001055059037,undirected
1128333620617474,6218275996610727,undirected
2065001055059037,6218275996610727,undirected
6650152478857905,1670868214172308,undirected
7764017175870802,6926348689036257,undirected
5523350812734008,6603480808884218,undirected
7764017175870802,6926348689036257,undirected
5151065642581544,8667477201125880,undirected
1172479976966505,7415839849752972,undirected
1172479976966505,6384572541937974,undirected
7415839849752972,6384572541937974,undirected
1172479976966505,7415839849752972,undirected
1172479976966505,6384572541937974,undirected
7415839849752972,6384572541937974,undirected
9068802674983781,2013942415115475,undirected
9068802674983781,2013942415115475,undirected
2013942415115475,8614874160304147,undirected
5362513180111586,3509382891487960,undirected
6681261695350295,6531716068680999,undirected
8861821320530256,3313736441527210,undirected
7764017175870802,6926348689036257,undirected
5151065642581544,8667477201125880,undirected
7540304062046337,9778490919604593,undirected
2724122026667337,5961075139772118,undirected
4791953150250289,6195088696542157,undirected
5362513180111586,8390682026043566,undirected
5362513180111586,3509382891487960,undirected
8390682026043566,3509382891487960,undirected
4913726405596681,4080439371637715,undirected
4118944177830502,8861821320530256,undirected
1240510825570457,4584311773583085,undirected
1240510825570457,3134056986747443,undirected
4584311773583085,3134056986747443,undirected
3585891769157787,7334887555450459,undirected
3585891769157787,7334887555450459,undirected
6406615818915785,2724480914017436,undirected
2720114652322968,5012661228582114,undirected
2720114652322968,5012661228582114,undirected
6650152478857905,1670868214172308,undirected
8401962186278677,5366644715743524,undirected
8401962186278677,9778490919604593,undirected
5366644715743524,9778490919604593,undirected
6192954590069881,3386375141622007,undirected
3032618801971599,9242287015171384,undirected
1414046440611495,7645805665092232,undirected
8538571735256993,8179635977068262,undirected
8538571735256993,2094160279634467,undirected
8179635977068262,2094160279634467,undirected
1817411401708898,1159840059123495,undirected
8401962186278677,9778490919604593,undirected
5366644715743524,8401962186278677,undirected
5366644715743524,9778490919604593,undirected
8401962186278677,9778490919604593,undirected
0900326413960801,4023126199685947,undirected
4049394828751754,9409674734309199,undirected
0806893389732831,2402860645108428,undirected
3021268770189132,6434939710218427,undirected
5151065642581544,8667477201125880,undirected
8439623112559941,4971893171417909,undirected
3021268770189132,6434939710218427,undirected
3021268770189132,6434939710218427,undirected
6434939710218427,3021268770189132,undirected
3021268770189132,6434939710218427,undirected
5366644715743524,8401962186278677,undirected
5366644715743524,9778490919604593,undirected
8401962186278677,9778490919604593,undirected
4791953150250289,6195088696542157,undirected
6603480808884218,7415839849752972,undirected
6603480808884218,6384572541937974,undirected
7415839849752972,6384572541937974,undirected
4791953150250289,6195088696542157,undirected
3021268770189132,6434939710218427,undirected
3021268770189132,6434939710218427,undirected
6434939710218427,3021268770189132,undirected
3021268770189132,6434939710218427,undirected
8861821320530256,3313736441527210,undirected
4947667819852437,9409674734309199,undirected
4947667819852437,4913726405596681,undirected
9409674734309199,4913726405596681,undirected
4791953150250289,6195088696542157,undirected
8401962186278677,9778490919604593,undirected
8401962186278677,9778490919604593,undirected
2547228139731569,1096372300226539,undirected
8980645523068866,0886300382020774,undirected
8520191196227908,9196373186050152,undirected
1172479976966505,6603480808884218,undirected
8401962186278677,5366644715743524,undirected
8401962186278677,9778490919604593,undirected
5366644715743524,9778490919604593,undirected
6032064267919889,1536690328780417,undirected
5471746328944280,6931615599694788,undirected
8401962186278677,5366644715743524,undirected
8401962186278677,9778490919604593,undirected
5366644715743524,9778490919604593,undirected
8401962186278677,5366644715743524,undirected
8401962186278677,9778490919604593,undirected
5366644715743524,9778490919604593,undirected
6333149519672791,4080439371637715,undirected
6406615818915785,2724480914017436,undirected
5523350812734008,6603480808884218,undirected
5523350812734008,6603480808884218,undirected
6032064267919889,1536690328780417,undirected
3585891769157787,4584311773583085,undirected
3585891769157787,9222819607820040,undirected
4584311773583085,9222819607820040,undirected
7415839849752972,6384572541937974,undirected
5366644715743524,9778490919604593,undirected
8401962186278677,5366644715743524,undirected
8401962186278677,9778490919604593,undirected
5366644715743524,9778490919604593,undirected
3021268770189132,6434939710218427,undirected
8861821320530256,3313736441527210,undirected
8907986852429278,3625090170533723,undirected
8401962186278677,5366644715743524,undirected
8401962186278677,9778490919604593,undirected
5366644715743524,9778490919604593,undirected
7764017175870802,6926348689036257,undirected
5151065642581544,8667477201125880,undirected
5362513180111586,3509382891487960,undirected
4584311773583085,4188880970427220,undirected
5151065642581544,8667477201125880,undirected
1159840059123495,6230053113645423,undirected
1159840059123495,8051369420213095,undirected
1159840059123495,3428878189943493,undirected
1159840059123495,4118944177830502,undirected
1159840059123495,8051369420213095,undirected
1159840059123495,9409674734309199,undirected
1159840059123495,8933361259561564,undirected
1159840059123495,0784557600481845,undirected
1159840059123495,9409674734309199,undirected
1159840059123495,2279996083883727,undirected
1159840059123495,8933361259561564,undirected
1159840059123495,0255573178613450,undirected
1159840059123495,4080439371637715,undirected
6230053113645423,8051369420213095,undirected
6230053113645423,3428878189943493,undirected
6230053113645423,4118944177830502,undirected
6230053113645423,8051369420213095,undirected
6230053113645423,9409674734309199,undirected
6230053113645423,8933361259561564,undirected
6230053113645423,0784557600481845,undirected
6230053113645423,9409674734309199,undirected
6230053113645423,2279996083883727,undirected
6230053113645423,8933361259561564,undirected
6230053113645423,0255573178613450,undirected
6230053113645423,4080439371637715,undirected
8051369420213095,3428878189943493,undirected
8051369420213095,4118944177830502,undirected
8051369420213095,9409674734309199,undirected
8051369420213095,8933361259561564,undirected
8051369420213095,0784557600481845,undirected
8051369420213095,9409674734309199,undirected
8051369420213095,2279996083883727,undirected
8051369420213095,8933361259561564,undirected
8051369420213095,0255573178613450,undirected
8051369420213095,4080439371637715,undirected
3428878189943493,4118944177830502,undirected
3428878189943493,8051369420213095,undirected
3428878189943493,9409674734309199,undirected
3428878189943493,8933361259561564,undirected
3428878189943493,0784557600481845,undirected
3428878189943493,9409674734309199,undirected
3428878189943493,2279996083883727,undirected
3428878189943493,8933361259561564,undirected
3428878189943493,0255573178613450,undirected
3428878189943493,4080439371637715,undirected
4118944177830502,8051369420213095,undirected
4118944177830502,9409674734309199,undirected
4118944177830502,8933361259561564,undirected
4118944177830502,0784557600481845,undirected
4118944177830502,9409674734309199,undirected
4118944177830502,2279996083883727,undirected
4118944177830502,8933361259561564,undirected
4118944177830502,0255573178613450,undirected
4118944177830502,4080439371637715,undirected
8051369420213095,9409674734309199,undirected
8051369420213095,8933361259561564,undirected
8051369420213095,0784557600481845,undirected
8051369420213095,9409674734309199,undirected
8051369420213095,2279996083883727,undirected
8051369420213095,8933361259561564,undirected
8051369420213095,0255573178613450,undirected
8051369420213095,4080439371637715,undirected
9409674734309199,8933361259561564,undirected
9409674734309199,0784557600481845,undirected
9409674734309199,2279996083883727,undirected
9409674734309199,8933361259561564,undirected
9409674734309199,0255573178613450,undirected
9409674734309199,4080439371637715,undirected
8933361259561564,0784557600481845,undirected
8933361259561564,9409674734309199,undirected
8933361259561564,2279996083883727,undirected
8933361259561564,0255573178613450,undirected
8933361259561564,4080439371637715,undirected
0784557600481845,9409674734309199,undirected
0784557600481845,2279996083883727,undirected
0784557600481845,8933361259561564,undirected
0784557600481845,0255573178613450,undirected
0784557600481845,4080439371637715,undirected
9409674734309199,2279996083883727,undirected
9409674734309199,8933361259561564,undirected
9409674734309199,0255573178613450,undirected
9409674734309199,4080439371637715,undirected
2279996083883727,8933361259561564,undirected
2279996083883727,0255573178613450,undirected
2279996083883727,4080439371637715,undirected
8933361259561564,0255573178613450,undirected
8933361259561564,4080439371637715,undirected
0255573178613450,4080439371637715,undirected
3428878189943493,7540304062046337,undirected
9037816308995897,2428283842807938,undirected
5366644715743524,9778490919604593,undirected
3021268770189132,6434939710218427,undirected
3021268770189132,6434939710218427,undirected
5523350812734008,5944925833383680,undirected
5523350812734008,8425388270697221,undirected
5523350812734008,5944925833383680,undirected
5944925833383680,8425388270697221,undirected
5944925833383680,5523350812734008,undirected
8425388270697221,5523350812734008,undirected
8425388270697221,5944925833383680,undirected
5523350812734008,5944925833383680,undirected
1172479976966505,6384572541937974,undirected
6333149519672791,4080439371637715,undirected
5523350812734008,6603480808884218,undirected
5523350812734008,6603480808884218,undirected
8439623112559941,4971893171417909,undirected
5523350812734008,6603480808884218,undirected
8861821320530256,3313736441527210,undirected
4118944177830502,8861821320530256,undirected
4791953150250289,6195088696542157,undirected
6032064267919889,1536690328780417,undirected
5523350812734008,6603480808884218,undirected
0784557600481845,6377928312046077,undirected
6377928312046077,0784557600481845,undirected
5362513180111586,3509382891487960,undirected
3370272052850194,6331316797695305,undirected
9091082575480314,1800142109998891,undirected
8401962186278677,9778490919604593,undirected
5366644715743524,8401962186278677,undirected
5366644715743524,9778490919604593,undirected
8401962186278677,9778490919604593,undirected
5471746328944280,6931615599694788,undirected
3370272052850194,6331316797695305,undirected
9037816308995897,2428283842807938,undirected
8401962186278677,9778490919604593,undirected
5151065642581544,8667477201125880,undirected
6473075683971385,6333149519672791,undirected
5621310244457556,1172479976966505,undirected
5621310244457556,1172479976966505,undirected
1172479976966505,5621310244457556,undirected
5621310244457556,1172479976966505,undirected
9196373186050152,5103554000522280,undirected
8861821320530256,3313736441527210,undirected
8980645523068866,0886300382020774,undirected
3032618801971599,9242287015171384,undirected
